-- MySQL Script generated by MySQL Workbench
-- Wed Feb 16 00:50:36 2022
-- Model: New Model    Version: 1.0
-- MySQL Workbench Forward Engineering

SET @OLD_UNIQUE_CHECKS=@@UNIQUE_CHECKS, UNIQUE_CHECKS=0;
SET @OLD_FOREIGN_KEY_CHECKS=@@FOREIGN_KEY_CHECKS, FOREIGN_KEY_CHECKS=0;
SET @OLD_SQL_MODE=@@SQL_MODE, SQL_MODE='ONLY_FULL_GROUP_BY,STRICT_TRANS_TABLES,NO_ZERO_IN_DATE,NO_ZERO_DATE,ERROR_FOR_DIVISION_BY_ZERO,NO_ENGINE_SUBSTITUTION';

-- -----------------------------------------------------
-- Schema cta20l
-- -----------------------------------------------------
DROP SCHEMA IF EXISTS `cta20l` ;

-- -----------------------------------------------------
-- Schema cta20l
-- -----------------------------------------------------
CREATE SCHEMA IF NOT EXISTS `cta20l` DEFAULT CHARACTER SET utf8 COLLATE utf8_unicode_ci ;
SHOW WARNINGS;
USE `cta20l` ;

-- -----------------------------------------------------
-- Table `cta20l`.`petstore`
-- -----------------------------------------------------
DROP TABLE IF EXISTS `cta20l`.`petstore` ;

SHOW WARNINGS;
CREATE TABLE IF NOT EXISTS `cta20l`.`petstore` (
  `pst_id` SMALLINT UNSIGNED NOT NULL AUTO_INCREMENT,
  `pst_name` VARCHAR(30) NOT NULL,
  `pst_street` VARCHAR(45) NOT NULL,
  `pst_city` VARCHAR(30) NOT NULL,
  `pst_state` CHAR(2) NOT NULL,
  `pst_zip` INT UNSIGNED NOT NULL,
  `pst_phone` BIGINT UNSIGNED NOT NULL,
  `pst_email` VARCHAR(100) NOT NULL,
  `pst_url` VARCHAR(100) NOT NULL,
  `pst_ytd_sales` DECIMAL(10,2) NOT NULL,
  `pst_notes` VARCHAR(255) NULL,
  PRIMARY KEY (`pst_id`))
ENGINE = InnoDB;

SHOW WARNINGS;

-- -----------------------------------------------------
-- Table `cta20l`.`customer`
-- -----------------------------------------------------
DROP TABLE IF EXISTS `cta20l`.`customer` ;

SHOW WARNINGS;
CREATE TABLE IF NOT EXISTS `cta20l`.`customer` (
  `cus_id` SMALLINT UNSIGNED NOT NULL AUTO_INCREMENT,
  `cus_fname` VARCHAR(15) NOT NULL,
  `cus_lname` VARCHAR(30) NOT NULL,
  `cus_street` VARCHAR(30) NOT NULL,
  `cus_city` VARCHAR(30) NOT NULL,
  `cus_state` CHAR(2) NOT NULL,
  `cus_zip` INT UNSIGNED NOT NULL,
  `cus_phone` BIGINT UNSIGNED NOT NULL,
  `cus_email` VARCHAR(100) NOT NULL,
  `cus_balance` DECIMAL(8,2) NOT NULL,
  `cus_total_sales` DECIMAL(8,2) NOT NULL,
  `cus_notes` VARCHAR(255) NULL,
  PRIMARY KEY (`cus_id`))
ENGINE = InnoDB;

SHOW WARNINGS;

-- -----------------------------------------------------
-- Table `cta20l`.`pet`
-- -----------------------------------------------------
DROP TABLE IF EXISTS `cta20l`.`pet` ;

SHOW WARNINGS;
CREATE TABLE IF NOT EXISTS `cta20l`.`pet` (
  `pet_id` SMALLINT UNSIGNED NOT NULL AUTO_INCREMENT,
  `pst_id` SMALLINT UNSIGNED NOT NULL,
  `cus_id` SMALLINT UNSIGNED NULL,
  `pet_type` VARCHAR(45) NOT NULL,
  `pet_sex` ENUM('m', 'f') NOT NULL,
  `pet_cost` DECIMAL(6,2) NOT NULL,
  `pet_price` DECIMAL(6,2) NOT NULL,
  `pet_age` TINYINT NOT NULL,
  `pet_color` VARCHAR(30) NOT NULL,
  `pet_sales_date` DATE NULL,
  `pet_vaccine` ENUM('y', 'n') NOT NULL,
  `pet_neuter` ENUM('y', 'n') NOT NULL,
  `pet_notes` VARCHAR(225) NULL,
  PRIMARY KEY (`pet_id`),
  INDEX `fk_pet_petstore_idx` (`pst_id` ASC) VISIBLE,
  CONSTRAINT `fk_pet_petstore`
    FOREIGN KEY (`pst_id`)
    REFERENCES `cta20l`.`petstore` (`pst_id`)
    ON DELETE CASCADE
    ON UPDATE CASCADE,
  CONSTRAINT `fk_pet_customer2`
    FOREIGN KEY (`cus_id`)
    REFERENCES `cta20l`.`customer` (`cus_id`)
    ON DELETE NO ACTION
    ON UPDATE NO ACTION)
ENGINE = InnoDB;

SHOW WARNINGS;

SET SQL_MODE=@OLD_SQL_MODE;
SET FOREIGN_KEY_CHECKS=@OLD_FOREIGN_KEY_CHECKS;
SET UNIQUE_CHECKS=@OLD_UNIQUE_CHECKS;

-- -----------------------------------------------------
-- Data for table `cta20l`.`petstore`
-- -----------------------------------------------------
START TRANSACTION;
USE `cta20l`;
INSERT INTO `cta20l`.`petstore` (`pst_id`, `pst_name`, `pst_street`, `pst_city`, `pst_state`, `pst_zip`, `pst_phone`, `pst_email`, `pst_url`, `pst_ytd_sales`, `pst_notes`) VALUES (1, 'Dunkin Butterbeans.', '123  Langdale Side', 'Winter Garden', 'FL', 347621460, 1619642090 , 'tinhbanthu002@notvn.com', 'https://www.dunkinbutterbeans.com', 60000, NULL);
INSERT INTO `cta20l`.`petstore` (`pst_id`, `pst_name`, `pst_street`, `pst_city`, `pst_state`, `pst_zip`, `pst_phone`, `pst_email`, `pst_url`, `pst_ytd_sales`, `pst_notes`) VALUES (2, 'Cheesebro', '345 Anthony Village', 'Amarillo', 'TX', 271390213, 5557246967, 'lesder@gmail.com', 'https://www.cheesebro.com', 78000, NULL);
INSERT INTO `cta20l`.`petstore` (`pst_id`, `pst_name`, `pst_street`, `pst_city`, `pst_state`, `pst_zip`, `pst_phone`, `pst_email`, `pst_url`, `pst_ytd_sales`, `pst_notes`) VALUES (3, 'Choo Choo Boo Boo.', '678 Tal-Y-Sarn', 'Marysville', 'WA', 153983956, 7499263869, 'alexewd@silnmy.com', 'https://www.choochoobooboo.com', 67400, NULL);
INSERT INTO `cta20l`.`petstore` (`pst_id`, `pst_name`, `pst_street`, `pst_city`, `pst_state`, `pst_zip`, `pst_phone`, `pst_email`, `pst_url`, `pst_ytd_sales`, `pst_notes`) VALUES (4, 'Empress Tzu Tzu', '901  Low Fields', 'Pueblo', 'CO', 269311531, 3459591825, 'ssperkvc@ndxmails.com', 'https://www.empresstzutzu.com', 90300, NULL);
INSERT INTO `cta20l`.`petstore` (`pst_id`, `pst_name`, `pst_street`, `pst_city`, `pst_state`, `pst_zip`, `pst_phone`, `pst_email`, `pst_url`, `pst_ytd_sales`, `pst_notes`) VALUES (5, 'Farrah Pawcett Pups', '462 Fieldfare Warren', 'Wichita Falls', 'TX', 824611153, 5808997008 , 'masterlengy@hgarmt.com', 'https://www.farrahpawcettpups.com', 69000, NULL);
INSERT INTO `cta20l`.`petstore` (`pst_id`, `pst_name`, `pst_street`, `pst_city`, `pst_state`, `pst_zip`, `pst_phone`, `pst_email`, `pst_url`, `pst_ytd_sales`, `pst_notes`) VALUES (6, 'Quest 4 Pets', 'Drury Park', 'Newton', 'MA', 113657850, 8146356821, 'questforpups@gmail.com', 'https://www.Quest4Pets.com', 34500, NULL);
INSERT INTO `cta20l`.`petstore` (`pst_id`, `pst_name`, `pst_street`, `pst_city`, `pst_state`, `pst_zip`, `pst_phone`, `pst_email`, `pst_url`, `pst_ytd_sales`, `pst_notes`) VALUES (7, 'Purr N Bark', 'Second Alley', 'Littleton', 'CO', 494231180, 5692145050, 'PurrnBark@gmail.com', 'https://www.purrNbark.com', 32000, NULL);
INSERT INTO `cta20l`.`petstore` (`pst_id`, `pst_name`, `pst_street`, `pst_city`, `pst_state`, `pst_zip`, `pst_phone`, `pst_email`, `pst_url`, `pst_ytd_sales`, `pst_notes`) VALUES (8, 'Project Cuteness', 'West View Village', 'Midland', 'MI', 112016010, 8062691029, 'Cuties@gmail.com', 'https://www.ProjectCuteness.com', 86500, NULL);
INSERT INTO `cta20l`.`petstore` (`pst_id`, `pst_name`, `pst_street`, `pst_city`, `pst_state`, `pst_zip`, `pst_phone`, `pst_email`, `pst_url`, `pst_ytd_sales`, `pst_notes`) VALUES (9, 'Puppies Pimp', 'Thorne Lane', 'Carol Stream', 'IL', 210932968, 7189828451, 'Pups@gmail.com', 'https://www.PuppiesPimp.com', 99700, NULL);
INSERT INTO `cta20l`.`petstore` (`pst_id`, `pst_name`, `pst_street`, `pst_city`, `pst_state`, `pst_zip`, `pst_phone`, `pst_email`, `pst_url`, `pst_ytd_sales`, `pst_notes`) VALUES (10, 'Pet Supplies', ' Eriff Road', 'Richmond', 'VA', 193554807, 4539092888, 'suppies@gmail.com', 'https://www.petsuppies.com', 43600, NULL);

COMMIT;


-- -----------------------------------------------------
-- Data for table `cta20l`.`customer`
-- -----------------------------------------------------
START TRANSACTION;
USE `cta20l`;
INSERT INTO `cta20l`.`customer` (`cus_id`, `cus_fname`, `cus_lname`, `cus_street`, `cus_city`, `cus_state`, `cus_zip`, `cus_phone`, `cus_email`, `cus_balance`, `cus_total_sales`, `cus_notes`) VALUES (DEFAULT, 'Miranda ', 'Parker', '565 Appledown Way', 'Lake Forest', 'CA', 380950615, 247963984, 'test1myemail@gmail.com', 631.36, 7244.75, 'cus note 1');
INSERT INTO `cta20l`.`customer` (`cus_id`, `cus_fname`, `cus_lname`, `cus_street`, `cus_city`, `cus_state`, `cus_zip`, `cus_phone`, `cus_email`, `cus_balance`, `cus_total_sales`, `cus_notes`) VALUES (DEFAULT, 'Elmer', 'Conner', '4532 Helston Park', 'Atlantic City', 'NJ', 328411524, 894669666, 'test2myemail@gmail.com', 0.0, 7691.62, 'cus note 2');
INSERT INTO `cta20l`.`customer` (`cus_id`, `cus_fname`, `cus_lname`, `cus_street`, `cus_city`, `cus_state`, `cus_zip`, `cus_phone`, `cus_email`, `cus_balance`, `cus_total_sales`, `cus_notes`) VALUES (DEFAULT, 'Omar ', 'Terry', '936 Bradshaw Dale', 'Crystal Lake', 'IL', 136298774, 562265265, 'test3myemail@gmail.com', 412.00, 1383.70, 'cus note 3');
INSERT INTO `cta20l`.`customer` (`cus_id`, `cus_fname`, `cus_lname`, `cus_street`, `cus_city`, `cus_state`, `cus_zip`, `cus_phone`, `cus_email`, `cus_balance`, `cus_total_sales`, `cus_notes`) VALUES (DEFAULT, 'Jason ', 'Day', '129 White House Birches', 'New Haven', 'CO', 578147463, 368388045, 'test4myemail@gmail.com', 901.10, 2332.02, 'cus note 4');
INSERT INTO `cta20l`.`customer` (`cus_id`, `cus_fname`, `cus_lname`, `cus_street`, `cus_city`, `cus_state`, `cus_zip`, `cus_phone`, `cus_email`, `cus_balance`, `cus_total_sales`, `cus_notes`) VALUES (DEFAULT, 'Ben ', 'Soto', '463 Kirkham Grove', 'Lorain', 'OH', 639754879, 760733423, 'test5myemail@gmail.com', 318.42, 117.46, 'cus note 5');
INSERT INTO `cta20l`.`customer` (`cus_id`, `cus_fname`, `cus_lname`, `cus_street`, `cus_city`, `cus_state`, `cus_zip`, `cus_phone`, `cus_email`, `cus_balance`, `cus_total_sales`, `cus_notes`) VALUES (DEFAULT, 'Daisy', 'Scott', '893 Helston Cross', 'Alexandria', 'LA', 592728192, 167072738, 'test6myemail@gmail.com', 214.03, 4579.17, 'cus note 6');
INSERT INTO `cta20l`.`customer` (`cus_id`, `cus_fname`, `cus_lname`, `cus_street`, `cus_city`, `cus_state`, `cus_zip`, `cus_phone`, `cus_email`, `cus_balance`, `cus_total_sales`, `cus_notes`) VALUES (DEFAULT, 'Carroll ', 'Murphy', '1252 Eastbourne Park', 'Kansas City', 'MO', 661956106, 520063413, 'test7myemail@gmail.com', 760.46, 9060.40, 'cus note 7');
INSERT INTO `cta20l`.`customer` (`cus_id`, `cus_fname`, `cus_lname`, `cus_street`, `cus_city`, `cus_state`, `cus_zip`, `cus_phone`, `cus_email`, `cus_balance`, `cus_total_sales`, `cus_notes`) VALUES (DEFAULT, 'Geoffrey ', 'Little', '4622 Fellows Yard', 'Canton', 'OH', 211995113, 411638295, 'test8myemail@gmail.com', 878.10, 5996.25, 'cus note 8');
INSERT INTO `cta20l`.`customer` (`cus_id`, `cus_fname`, `cus_lname`, `cus_street`, `cus_city`, `cus_state`, `cus_zip`, `cus_phone`, `cus_email`, `cus_balance`, `cus_total_sales`, `cus_notes`) VALUES (DEFAULT, 'Courtney ', 'Moss', '5633 Treligga Downs Road', 'Rochester Hills', 'MI', 725491681, 910368345, 'test8myemail@gmail.com', 522.67, 512.93, 'cus note 9');
INSERT INTO `cta20l`.`customer` (`cus_id`, `cus_fname`, `cus_lname`, `cus_street`, `cus_city`, `cus_state`, `cus_zip`, `cus_phone`, `cus_email`, `cus_balance`, `cus_total_sales`, `cus_notes`) VALUES (DEFAULT, 'Sonia', 'Robin', '101 Mc Naughton Close', 'Pembroke Pines', 'FL', 339707395, 830792010, 'test10myemail@gmail.com', 345.24, 7951.63, 'cus note 10');

COMMIT;


-- -----------------------------------------------------
-- Data for table `cta20l`.`pet`
-- -----------------------------------------------------
START TRANSACTION;
USE `cta20l`;
INSERT INTO `cta20l`.`pet` (`pet_id`, `pst_id`, `cus_id`, `pet_type`, `pet_sex`, `pet_cost`, `pet_price`, `pet_age`, `pet_color`, `pet_sales_date`, `pet_vaccine`, `pet_neuter`, `pet_notes`) VALUES (DEFAULT, 1, 3, 'Rabbits', 'f', 927, 546, 100, 'black/white', '2009-07-20', 'y', 'n', 'Note 1');
INSERT INTO `cta20l`.`pet` (`pet_id`, `pst_id`, `cus_id`, `pet_type`, `pet_sex`, `pet_cost`, `pet_price`, `pet_age`, `pet_color`, `pet_sales_date`, `pet_vaccine`, `pet_neuter`, `pet_notes`) VALUES (DEFAULT, 2, NULL, 'Guinea pigs', 'f', 779, 432, 86, 'black/brown/tan/white', '2010-01-06', 'y', 'y', 'Note 2');
INSERT INTO `cta20l`.`pet` (`pet_id`, `pst_id`, `cus_id`, `pet_type`, `pet_sex`, `pet_cost`, `pet_price`, `pet_age`, `pet_color`, `pet_sales_date`, `pet_vaccine`, `pet_neuter`, `pet_notes`) VALUES (DEFAULT, 3, NULL, 'Afghan Hound', 'f', 872 , 1000, 24, 'black/brown/tan/white', '2001-07-24', 'n', 'y', 'Note 3');
INSERT INTO `cta20l`.`pet` (`pet_id`, `pst_id`, `cus_id`, `pet_type`, `pet_sex`, `pet_cost`, `pet_price`, `pet_age`, `pet_color`, `pet_sales_date`, `pet_vaccine`, `pet_neuter`, `pet_notes`) VALUES (DEFAULT, 4, 4, 'Basenji', 'm', 501, 753, 12, 'black/brown/tan/white', '2004-09-30', 'n', 'y', 'Note 4');
INSERT INTO `cta20l`.`pet` (`pet_id`, `pst_id`, `cus_id`, `pet_type`, `pet_sex`, `pet_cost`, `pet_price`, `pet_age`, `pet_color`, `pet_sales_date`, `pet_vaccine`, `pet_neuter`, `pet_notes`) VALUES (DEFAULT, 5, 6, 'Borzoi', 'm', 582, 192, 93, 'black/brown/tan/white', '2008-11-27', 'y', 'n', 'Note 5');
INSERT INTO `cta20l`.`pet` (`pet_id`, `pst_id`, `cus_id`, `pet_type`, `pet_sex`, `pet_cost`, `pet_price`, `pet_age`, `pet_color`, `pet_sales_date`, `pet_vaccine`, `pet_neuter`, `pet_notes`) VALUES (DEFAULT, 1, 5, 'Chihuahua', 'f', 210, 678, 81, 'brown', '2011-05-17', 'y', 'n', 'Note 6');
INSERT INTO `cta20l`.`pet` (`pet_id`, `pst_id`, `cus_id`, `pet_type`, `pet_sex`, `pet_cost`, `pet_price`, `pet_age`, `pet_color`, `pet_sales_date`, `pet_vaccine`, `pet_neuter`, `pet_notes`) VALUES (DEFAULT, 2, NULL, 'Golden Retriever ', 'f', 757, 829, 26, 'white', '2016-08-29', 'y', 'y', 'Note 7');
INSERT INTO `cta20l`.`pet` (`pet_id`, `pst_id`, `cus_id`, `pet_type`, `pet_sex`, `pet_cost`, `pet_price`, `pet_age`, `pet_color`, `pet_sales_date`, `pet_vaccine`, `pet_neuter`, `pet_notes`) VALUES (DEFAULT, 3, 2, 'Shiba Inu', 'f', 277, 932, 45, 'tan', '2015-08-10', 'y', 'n', 'Note 8');
INSERT INTO `cta20l`.`pet` (`pet_id`, `pst_id`, `cus_id`, `pet_type`, `pet_sex`, `pet_cost`, `pet_price`, `pet_age`, `pet_color`, `pet_sales_date`, `pet_vaccine`, `pet_neuter`, `pet_notes`) VALUES (DEFAULT, 4, 9, 'Chartreux', 'm', 311, 319, 29, 'black', '2015-03-26', 'n', 'y', 'Note 9');
INSERT INTO `cta20l`.`pet` (`pet_id`, `pst_id`, `cus_id`, `pet_type`, `pet_sex`, `pet_cost`, `pet_price`, `pet_age`, `pet_color`, `pet_sales_date`, `pet_vaccine`, `pet_neuter`, `pet_notes`) VALUES (DEFAULT, 5, 8, 'Norwegian ', 'm', 809 , 826, 65, 'black/white', '2019-11-22', 'n', 'y', 'Note 10');

COMMIT;

